{"lane_queue": {"L_0_0_0_1_E": 0.2523611111111109, "L_0_0_1_0_S": 0.29149305555555555, "entry_0_0_E": 0.28861111111111126, "entry_0_0_S": 0.3661979166666666, "exit_0_0_N": 0.0, "exit_0_0_W": 0.0, "L_0_1_0_2_E": 0.21552083333333338, "L_0_1_1_1_S": 0.23371527777777792, "L_0_1_0_0_W": 0.20395833333333332, "entry_0_1_S": 0.3079340277777777, "exit_0_1_N": 0.0, "L_0_2_0_3_E": 0.18821180555555553, "L_0_2_1_2_S": 0.23972222222222211, "L_0_2_0_1_W": 0.20729166666666674, "entry_0_2_S": 0.2947743055555557, "exit_0_2_N": 0.0, "L_0_3_1_3_S": 0.32144097222222234, "L_0_3_0_2_W": 0.2553125, "entry_0_3_S": 0.3385590277777779, "entry_0_3_W": 0.301857638888889, "exit_0_3_N": 0.0, "exit_0_3_E": 0.0, "L_1_0_0_0_N": 0.21947916666666661, "L_1_0_1_1_E": 1.2577430555555555, "L_1_0_2_0_S": 0.24609374999999994, "entry_1_0_E": 0.26652777777777775, "exit_1_0_W": 0.0, "L_1_1_0_1_N": 0.19559027777777785, "L_1_1_1_2_E": 0.18335317460317457, "L_1_1_2_1_S": 0.23598958333333334, "L_1_1_1_0_W": 0.1771180555555556, "L_1_2_0_2_N": 0.19491319444444447, "L_1_2_1_3_E": 0.18309027777777767, "L_1_2_2_2_S": 0.2688715277777778, "L_1_2_1_1_W": 0.8486904761904763, "L_1_3_0_3_N": 0.21093750000000006, "L_1_3_2_3_S": 0.3195659722222222, "L_1_3_1_2_W": 0.23097222222222222, "entry_1_3_W": 0.301579861111111, "exit_1_3_E": 0.0, "L_2_0_1_0_N": 0.2371180555555557, "L_2_0_2_1_E": 0.22670138888888897, "L_2_0_3_0_S": 0.2262326388888889, "entry_2_0_E": 0.26779513888888873, "exit_2_0_W": 0.0, "L_2_1_1_1_N": 0.17460069444444443, "L_2_1_2_2_E": 0.8599826388888889, "L_2_1_3_1_S": 0.20852430555555554, "L_2_1_2_0_W": 0.17572916666666671, "L_2_2_1_2_N": 0.22265625000000008, "L_2_2_2_3_E": 0.18470486111111112, "L_2_2_3_2_S": 0.20781250000000018, "L_2_2_2_1_W": 0.18475694444444443, "L_2_3_1_3_N": 0.22956597222222236, "L_2_3_3_3_S": 0.21449652777777778, "L_2_3_2_2_W": 1.2571875000000001, "entry_2_3_W": 0.28201388888888906, "exit_2_3_E": 0.0, "L_3_0_2_0_N": 0.27211805555555557, "L_3_0_3_1_E": 0.24142361111111107, "entry_3_0_N": 0.30347222222222225, "entry_3_0_E": 0.2580902777777778, "exit_3_0_S": 0.0, "exit_3_0_W": 0.0, "L_3_1_2_1_N": 0.2623263888888889, "L_3_1_3_2_E": 0.20895833333333327, "L_3_1_3_0_W": 0.1937326388888887, "entry_3_1_N": 0.2912673611111112, "exit_3_1_S": 0.0, "L_3_2_2_2_N": 0.3042708333333333, "L_3_2_3_3_E": 0.2029340277777779, "L_3_2_3_1_W": 0.20546875, "entry_3_2_N": 0.3423958333333333, "exit_3_2_S": 0.0, "L_3_3_2_3_N": 0.3453298611111112, "L_3_3_3_2_W": 0.25916666666666666, "entry_3_3_N": 0.3058506944444444, "entry_3_3_W": 0.27814236111111107, "exit_3_3_E": 0.0, "exit_3_3_S": 0.0}, "lane_congestion": {"L_0_0_0_1_E": 5.821180555555554, "L_0_0_1_0_S": 5.754687499999997, "entry_0_0_E": 5.9241753472222225, "entry_0_0_S": 6.436588541666666, "exit_0_0_N": 0.0, "exit_0_0_W": 0.0, "L_0_1_0_2_E": 4.738802083333334, "L_0_1_1_1_S": 4.965407986111105, "L_0_1_0_0_W": 4.4736979166666675, "entry_0_1_S": 6.205902777777782, "exit_0_1_N": 0.0, "L_0_2_0_3_E": 4.171180555555553, "L_0_2_1_2_S": 4.873697916666669, "L_0_2_0_1_W": 4.97170138888889, "entry_0_2_S": 6.058506944444447, "exit_0_2_N": 0.0, "L_0_3_1_3_S": 6.042491319444446, "L_0_3_0_2_W": 5.840277777777779, "entry_0_3_S": 6.480772569444443, "entry_0_3_W": 6.132291666666666, "exit_0_3_N": 0.0, "exit_0_3_E": 0.0, "L_1_0_0_0_N": 4.294357638888893, "L_1_0_1_1_E": 7.391493055555559, "L_1_0_2_0_S": 4.848871527777776, "entry_1_0_E": 5.87291666666667, "exit_1_0_W": 0.0, "L_1_1_0_1_N": 3.8464843749999993, "L_1_1_1_2_E": 3.9154761904761894, "L_1_1_2_1_S": 4.1390190972222225, "L_1_1_1_0_W": 3.897916666666667, "L_1_2_0_2_N": 3.848480902777779, "L_1_2_1_3_E": 3.7565104166666687, "L_1_2_2_2_S": 4.38541666666667, "L_1_2_1_1_W": 5.866567460317462, "L_1_3_0_3_N": 4.3662326388888895, "L_1_3_2_3_S": 4.991623263888889, "L_1_3_1_2_W": 4.985286458333336, "entry_1_3_W": 6.109895833333333, "exit_1_3_E": 0.0, "L_2_0_1_0_N": 4.701909722222222, "L_2_0_2_1_E": 4.979253472222221, "L_2_0_3_0_S": 4.366623263888888, "entry_2_0_E": 5.86167534722222, "exit_2_0_W": 0.0, "L_2_1_1_1_N": 4.045269097222221, "L_2_1_2_2_E": 5.872569444444445, "L_2_1_3_1_S": 3.996050347222223, "L_2_1_2_0_W": 3.872092013888891, "L_2_2_1_2_N": 4.115190972222218, "L_2_2_2_3_E": 3.949782986111111, "L_2_2_3_2_S": 3.8905815972222206, "L_2_2_2_1_W": 4.08888888888889, "L_2_3_1_3_N": 4.620572916666666, "L_2_3_3_3_S": 4.365277777777777, "L_2_3_2_2_W": 7.371918402777777, "entry_2_3_W": 5.971137152777779, "exit_2_3_E": 0.0, "L_3_0_2_0_N": 5.672526041666663, "L_3_0_3_1_E": 5.516059027777778, "entry_3_0_N": 6.115972222222223, "entry_3_0_E": 5.711675347222218, "exit_3_0_S": 0.0, "exit_3_0_W": 0.0, "L_3_1_2_1_N": 5.001519097222222, "L_3_1_3_2_E": 4.5996527777777745, "L_3_1_3_0_W": 4.0861545138888875, "entry_3_1_N": 5.863020833333337, "exit_3_1_S": 0.0, "L_3_2_2_2_N": 5.1734809027777775, "L_3_2_3_3_E": 4.223914930555557, "L_3_2_3_1_W": 4.850217013888889, "entry_3_2_N": 6.106076388888889, "exit_3_2_S": 0.0, "L_3_3_2_3_N": 6.00056423611111, "L_3_3_3_2_W": 5.74657118055556, "entry_3_3_N": 6.000086805555556, "entry_3_3_W": 6.080815972222222, "exit_3_3_E": 0.0, "exit_3_3_S": 0.0}, "lane_flow": {"L_0_0_0_1_E": 0.08364583333333328, "L_0_0_1_0_S": 0.0810069444444444, "entry_0_0_E": 0.08845486111111112, "entry_0_0_S": 0.09366319444444439, "exit_0_0_N": 0.0, "exit_0_0_W": 0.0, "L_0_1_0_2_E": 0.06772569444444448, "L_0_1_1_1_S": 0.07081597222222222, "L_0_1_0_0_W": 0.06359375000000003, "entry_0_1_S": 0.0921875, "exit_0_1_N": 0.0, "L_0_2_0_3_E": 0.0601736111111111, "L_0_2_1_2_S": 0.06901041666666667, "L_0_2_0_1_W": 0.0717361111111111, "entry_0_2_S": 0.09029513888888885, "exit_0_2_N": 0.0, "L_0_3_1_3_S": 0.08538194444444436, "L_0_3_0_2_W": 0.08317708333333328, "entry_0_3_S": 0.09524305555555554, "entry_0_3_W": 0.09128472222222207, "exit_0_3_N": 0.0, "exit_0_3_E": 0.0, "L_1_0_0_0_N": 0.0601041666666667, "L_1_0_1_1_E": 0.06468749999999998, "L_1_0_2_0_S": 0.06869791666666666, "entry_1_0_E": 0.08833333333333324, "exit_1_0_W": 0.0, "L_1_1_0_1_N": 0.0538020833333334, "L_1_1_1_2_E": 0.05640873015873021, "L_1_1_2_1_S": 0.05756944444444447, "L_1_1_1_0_W": 0.05578125000000006, "L_1_2_0_2_N": 0.05390625000000006, "L_1_2_1_3_E": 0.0538368055555556, "L_1_2_2_2_S": 0.0603819444444445, "L_1_2_1_1_W": 0.05587301587301592, "L_1_3_0_3_N": 0.06229166666666669, "L_1_3_2_3_S": 0.06855902777777781, "L_1_3_1_2_W": 0.07210069444444447, "entry_1_3_W": 0.09060763888888883, "exit_1_3_E": 0.0, "L_2_0_1_0_N": 0.06585069444444443, "L_2_0_2_1_E": 0.07168402777777777, "L_2_0_3_0_S": 0.06126736111111116, "entry_2_0_E": 0.08781249999999997, "exit_2_0_W": 0.0, "L_2_1_1_1_N": 0.058680555555555625, "L_2_1_2_2_E": 0.05678819444444446, "L_2_1_3_1_S": 0.05699652777777777, "L_2_1_2_0_W": 0.0549652777777778, "L_2_2_1_2_N": 0.0570659722222223, "L_2_2_2_3_E": 0.05694444444444448, "L_2_2_3_2_S": 0.055277777777777905, "L_2_2_2_1_W": 0.058645833333333355, "L_2_3_1_3_N": 0.06553819444444445, "L_2_3_3_3_S": 0.06265625, "L_2_3_2_2_W": 0.06397569444444444, "entry_2_3_W": 0.08890624999999999, "exit_2_3_E": 0.0, "L_3_0_2_0_N": 0.08017361111111111, "L_3_0_3_1_E": 0.08010416666666667, "entry_3_0_N": 0.09121527777777776, "entry_3_0_E": 0.0856597222222222, "exit_3_0_S": 0.0, "exit_3_0_W": 0.0, "L_3_1_2_1_N": 0.07065972222222222, "L_3_1_3_2_E": 0.06727430555555557, "L_3_1_3_0_W": 0.05807291666666673, "entry_3_1_N": 0.087361111111111, "exit_3_1_S": 0.0, "L_3_2_2_2_N": 0.0720486111111111, "L_3_2_3_3_E": 0.060468750000000016, "L_3_2_3_1_W": 0.07024305555555556, "entry_3_2_N": 0.08937499999999997, "exit_3_2_S": 0.0, "L_3_3_2_3_N": 0.08338541666666671, "L_3_3_3_2_W": 0.08350694444444443, "entry_3_3_N": 0.08902777777777775, "entry_3_3_W": 0.09124999999999994, "exit_3_3_E": 0.0, "exit_3_3_S": 0.0}, "node_wait": {"0,0": 3.6206021110975457, "0,1": 5.270163611401442, "0,2": 5.2507138908635325, "0,3": 3.4998246466816028, "1,0": 5.201228714564124, "1,1": 12.675715694428181, "1,2": 7.639230432471285, "1,3": 5.321350054608659, "2,0": 5.318351471750877, "2,1": 7.629228221487745, "2,2": 13.322244424705236,