{
  "n_episodes": 160,
  "n_failed": 0,
  "n_incomplete": 0,
  "overall": {
    "n": 160,
    "avg_wait": {
      "mean": 7.684244519498951,
      "std": 5.3325381261402045,
      "min": 3.559584211928724,
      "max": 22.974720382016187
    },
    "avg_travel_time": {
      "mean": 86.57959343804642,
      "std": 6.925090825848807,
      "min": 68.09120521172639,
      "max": 102.52564102564102
    },
    "avg_queue": {
      "mean": 0.29676995827732977,
      "std": 0.14685737992319564,
      "min": 0.13463541666666667,
      "max": 0.6726996527777778
    },
    "p95_queue": {
      "mean": 1.740925347222219,
      "std": 0.9724912600558588,
      "min": 0.8745833333333327,
      "max": 4.929305555555533
    },
    "completed_trips": {
      "mean": 393.90625,
      "std": 141.11241768923324,
      "min": 255.0,
      "max": 793.0
    },
    "throughput": {
      "mean": 1.094184027777778,
      "std": 0.3919789380256479,
      "min": 0.7083333333333334,
      "max": 2.202777777777778
    },
    "gridlock_duration": {
      "mean": 0.0,
      "std": 0.0,
      "min": 0.0,
      "max": 0.0
    },
    "gridlock_events": {
      "mean": 0.0,
      "std": 0.0,
      "min": 0.0,
      "max": 0.0
    },
    "policy_inference_latency_ms": {
      "mean": 0.011767806514247543,
      "std": 0.0019613403206553168,
      "min": 0.010268935855290491,
      "max": 0.020681970798048295
    },
    "cpu_usage": {
      "mean": 99.98403993055555,
      "std": 0.5803112533425089,
      "min": 98.61638888888889,
      "max": 101.54527777777778
    },
    "peak_memory_mb": {
      "mean": 719.716455078125,
      "std": 0.7551732670211272,
      "min": 718.40234375,
      "max": 721.13671875
    },
    "n_failed": 0,
    "n_incomplete": 0
  },
  "per_scenario": {
    "high_demand": {
      "n": 20,
      "avg_wait": {
        "mean": 5.375849950853997,
        "std": 0.2456012685316626,
        "min": 4.94391287637601,
        "max": 5.9823030317562935
      },
      "avg_travel_time": {
        "mean": 89.511047348122,
        "std": 2.4976261208625754,
        "min": 84.71946308724833,
        "max": 95.80577427821522
      },
      "avg_queue": {
        "mean": 0.4459266493055556,
        "std": 0.026185633496367676,
        "min": 0.3904947916666667,
        "max": 0.5094184027777777
      },
      "p95_queue": {
        "mean": 2.1280347222222207,
        "std": 0.10100805946194116,
        "min": 1.9045833333333324,
        "max": 2.343888888888888
      },
      "completed_trips": {
        "mean": 736.25,
        "std": 21.860502714882116,
        "min": 693.0,
        "max": 793.0
      },
      "throughput": {
        "mean": 2.0451388888888884,
        "std": 0.06072361865245036,
        "min": 1.925,
        "max": 2.202777777777778
      },
      "gridlock_duration": {
        "mean": 0.0,
        "std": 0.0,
        "min": 0.0,
        "max": 0.0
      },
      "gridlock_events": {
        "mean": 0.0,
        "std": 0.0,
        "min": 0.0,
        "max": 0.0
      },
      "policy_inference_latency_ms": {
        "mean": 0.011352817855367904,
        "std": 0.0005582297953624458,
        "min": 0.010830581969558908,
        "max": 0.013177164358542845
      },
      "cpu_usage": {
        "mean": 99.90344444444443,
        "std": 0.590688181374347,
        "min": 98.61638888888889,
        "max": 100.90722222222222
      },
      "peak_memory_mb": {
        "mean": 718.992578125,
        "std": 0.0982743596446656,
        "min": 718.80859375,
        "max": 719.12890625
      },
      "n_failed": 0,
      "n_incomplete": 0
    },
    "missing_sensors": {
      "n": 20,
      "avg_wait": {
        "mean": 13.408952286116607,
        "std": 1.8974499502473205,
        "min": 9.726475382992259,
        "max": 16.80799533022467
      },
      "avg_travel_time": {
        "mean": 93.9226280606346,
        "std": 5.83837052391714,
        "min": 79.49044585987261,
        "max": 102.52564102564102
      },
      "avg_queue": {
        "mean": 0.43086154513888897,
        "std": 0.05822861695242389,
        "min": 0.31710069444444444,
        "max": 0.5305121527777777
      },
      "p95_queue": {
        "mean": 2.4622430555555535,
        "std": 0.366570243820423,
        "min": 1.8254166666666654,
        "max": 3.169999999999997
      },
      "completed_trips": {
        "mean": 305.25,
        "std": 11.840496966810669,
        "min": 281.0,
        "max": 331.0
      },
      "throughput": {
        "mean": 0.8479166666666667,
        "std": 0.03289026935225185,
        "min": 0.7805555555555556,
        "max": 0.9194444444444444
      },
      "gridlock_duration": {
        "mean": 0.0,
        "std": 0.0,
        "min": 0.0,
        "max": 0.0
      },
      "gridlock_events": {
        "mean": 0.0,
        "std": 0.0,
        "min": 0.0,
        "max": 0.0
      },
      "policy_inference_latency_ms": {
        "mean": 0.011102873475768623,
        "std": 0.00033046386907767297,
        "min": 0.010665653836541524,
        "max": 0.011879096604793126
      },
      "cpu_usage": {
        "mean": 99.91688888888889,
        "std": 0.5558624780842019,
        "min": 99.00944444444445,
        "max": 101.3311111111111
      },
      "peak_memory_mb": {
        "mean": 720.53671875,
        "std": 0.09076773865617992,
        "min": 720.37890625,
        "max": 720.68359375
      },
      "n_failed": 0,
      "n_incomplete": 0
    },
    "noisy_sensors": {
      "n": 20,
      "avg_wait": {
        "mean": 5.446061195494404,
        "std": 0.4041774921139782,
        "min": 4.652151928845641,
        "max": 5.997966878423351
      },
      "avg_travel_time": {
        "mean": 87.5213505818157,
        "std": 3.8193493187095364,
        "min": 81.33236994219654,
        "max": 95.02949852507375
      },
      "avg_queue": {
        "mean": 0.1952560763888889,
        "std": 0.013212609858779836,
        "min": 0.17300347222222223,
        "max": 0.22447916666666667
      },
      "p95_queue": {
        "mean": 1.1543055555555548,
        "std": 0.06272929025901895,
        "min": 1.0647222222222212,
        "max": 1.2816666666666656
      },
      "completed_trips": {
        "mean": 327.15,
        "std": 12.795044270917426,
        "min": 304.0,
        "max": 349.0
      },
      "throughput": {
        "mean": 0.9087500000000001,
        "std": 0.03554178964143729,
        "min": 0.8444444444444444,
        "max": 0.9694444444444444
      },
      "gridlock_duration": {
        "mean": 0.0,
        "std": 0.0,
        "min": 0.0,
        "max": 0.0
      },
      "gridlock_events": {
        "mean": 0.0,
        "std": 0.0,
        "min": 0.0,
        "max": 0.0
      },
      "policy_inference_latency_ms": {
        "mean": 0.016542343903185812,
        "std": 0.0016673751067237572,
        "min": 0.01467796268520437,
        "max": 0.020681970798048295
      },
      "cpu_usage": {
        "mean": 100.02868055555557,
        "std": 0.3982630912950829,
        "min": 99.42444444444445,
        "max": 101.00500000000001
      },
      "peak_memory_mb": {
        "mean": 720.159765625,
        "std": 0.09166139042954222,
        "min": 720.00390625,
        "max": 720.30078125
      },
      "n_failed": 0,
      "n_incomplete": 0
    },
    "normal": {
      "n": 20,
      "avg_wait": {
        "mean": 4.286034473775583,
        "std": 0.31874151345083657,
        "min": 3.898988892275913,
        "max": 4.967540033739888
      },
      "avg_travel_time": {
        "mean": 85.42568717027774,
        "std": 4.165637147058446,
        "min": 78.66381766381767,
        "max": 93.78840579710145
      },
      "avg_queue": {
        "mean": 0.1576519097222222,
        "std": 0.012887160311259697,
        "min": 0.13463541666666667,
        "max": 0.18385416666666668
      },
      "p95_queue": {
        "mean": 0.9546805555555549,
        "std": 0.05538935483154645,
        "min": 0.8745833333333327,
        "max": 1.0837499999999989
      },